{
	"format_version": "1.8.0",
	"animations": {
		"animation.rat.idle": {
			"loop": true,
			"animation_length": 1,
			"bones": {
				"body": {
					"rotation": [-70, 0, 0]
				},
				"arm_left": {
					"rotation": ["141.8342+(math.sin(variable.attack_time*200)*60)-(q.is_item_equipped*40)", -9.88744, 7.68615],
					"position": ["-1*(q.is_item_equipped)", 0, "1*(q.is_item_equipped)"]
				},
				"head": {
					"rotation": ["(query.target_x_rotation)+80", 0, "(query.target_y_rotation)"],
					"scale": "query.is_baby? 1.5:1"
				},
				"leg_left": {
					"rotation": [87.53793, -0.43399, -9.99067]
				},
				"tail": {
					"rotation": [65, 0, "math.sin(q.life_time*100)*12"]
				},
				"tail2": {
					"rotation": [37.5, 0, "math.sin(q.life_time*100)*10 "]
				},
				"arm_right": {
					"rotation": ["141.8342+(math.sin(variable.attack_time*200)*60)-(q.is_item_equipped*40)", 9.88744, -7.68615],
					"position": ["1*(q.is_item_equipped)", 0, "1*(q.is_item_equipped)"]
				},
				"leg_right": {
					"rotation": [87.53793, 0.43399, 9.99067]
				},
				"rightItem": {
					"rotation": ["(math.sin(variable.attack_time*200)*60)-37.5", 32.5, -30],
					"position": [0, 4.75, 1],
					"scale": 0.6
				},
				"root": {
					"rotation": [0, 0, 0],
					"position": [0, 0, -4]
				}
			}
		},
		"animation.rat.sit": {
			"loop": true,
			"animation_length": 1,
			"bones": {
				"body": {
					"position": [0, -1, 0]
				},
				"arm_left": {
					"position": [0, 0.75, 0]
				},
				"head": {
					"rotation": ["(query.target_x_rotation)", "(query.target_y_rotation)", 0],
					"scale": "query.is_baby? 1.5:1"
				},
				"leg_left": {
					"position": [0, 0.75, 0]
				},
				"tail": {
					"rotation": [-5, 0, "math.sin(q.life_time*100)*12"]
				},
				"tail2": {
					"rotation": [37.5, 0, "math.sin(q.life_time*100)*10 "]
				},
				"arm_right": {
					"position": [0, 0.75, 0]
				},
				"leg_right": {
					"position": [0, 0.75, 0]
				},
				"rightItem": {
					"rotation": [45, 45, 90],
					"position": [-2, 0, -3],
					"scale": 0.6
				},
				"root": {
					"rotation": [0, 0, 0]
				}
			}
		},
		"animation.rat.dance": {
			"loop": true,
			"animation_length": 1,
			"bones": {
				"body": {
					"rotation": {
						"0.0": [-70.00585, 0, 0],
						"0.25": [-69.969, 0.63915, 5.55327],
						"0.5": [-70.00585, 0, 0],
						"0.75": [-70.01276, -1.49469, -3.20379],
						"1.0": [-70.00585, 0, 0]
					},
					"position": {
						"0.0": [0, 1, 0],
						"0.25": [2, 0.25, 0],
						"0.5": [0, 1, 0],
						"0.75": [-2, 0.25, 0],
						"1.0": [0, 1, 0]
					}
				},
				"arm_left": {
					"rotation": {
						"0.0": [9.33416, -9.88744, 7.68615],
						"0.25": [9.63143, 17.25085, 12.18389],
						"0.5": [9.33416, -9.88744, 7.68615],
						"0.75": [11.53405, -36.95435, 2.30857],
						"1.0": [9.33416, -9.88744, 7.68615]
					},
					"position": {
						"0.0": [0, 0, -1],
						"0.25": [-1.25, 0, -1],
						"0.5": [0, 0, -1],
						"0.75": [1.25, 0, -1],
						"1.0": [0, 0, -1]
					}
				},
				"head": {
					"rotation": {
						"0.0": [45, 0, 0],
						"0.25": [26.60209, 24.91972, 21.109],
						"0.5": [62.5, 0, 0],
						"0.75": [28.45742, -31.42176, -37.65635],
						"1.0": [45, 0, 0]
					},
					"scale": "query.is_baby? 1.5:1"
				},
				"leg_left": {
					"rotation": {
						"0.0": [115.03793, -0.43399, -9.99067],
						"0.25": [101.65789, -4.66693, 9.58031],
						"0.5": [115.03793, -0.43399, -9.99067],
						"0.75": [109.51328, 4.66694, -24.11109],
						"1.0": [115.03793, -0.43399, -9.99067]
					}
				},
				"tail": {
					"rotation": {
						"0.0": [55, 0, 0],
						"0.25": [56.65589, -11.31335, -16.60179],
						"0.5": [55, 0, 0],
						"0.75": [57.10087, 12.67956, 18.74227],
						"1.0": [55, 0, 0]
					}
				},
				"tail2": {
					"rotation": {
						"0.0": [30, 0, 0],
						"0.25": [23.85865, 18.74724, -36.00521],
						"0.5": [30, 0, 0],
						"0.75": [25.96295, -15.58394, 28.88636],
						"1.0": [30, 0, 0]
					}
				},
				"arm_right": {
					"rotation": {
						"0.0": [9.33416, 9.88744, -7.68615],
						"0.25": [11.53405, 36.95435, -2.30857],
						"0.5": [9.33416, 9.88744, -7.68615],
						"0.75": [9.63143, -17.25085, -12.18389],
						"1.0": [9.33416, 9.88744, -7.68615]
					},
					"position": {
						"0.0": [0, 0, -1],
						"0.25": [-1.25, 0, -1],
						"0.5": [0, 0, -1],
						"0.75": [1.75, 0, -1],
						"1.0": [0, 0, -1]
					}
				},
				"leg_right": {
					"rotation": {
						"0.0": [115.03793, 0.43399, 9.99067],
						"0.25": [109.51328, -4.66694, 24.11109],
						"0.5": [115.03793, 0.43399, 9.99067],
						"0.75": [102.15788, 3.11726, -2.22494],
						"1.0": [115.03793, 0.43399, 9.99067]
					}
				}
			}
		},
		"animation.rat.run": {
			"loop": true,
			"animation_length": 0.5,
			"bones": {
				"body": {
					"rotation": {
						"0.0": [0, 0, 0],
						"0.125": [-17.5, 0, 0],
						"0.375": [15, 0, 0],
						"0.5": [0, 0, 0]
					},
					"position": {
						"0.0": [0, 0, 0],
						"0.25": [0, 4, 0],
						"0.375": [0, 2.5, 0],
						"0.5": [0, 0, 0]
					}
				},
				"arm_left": {
					"rotation": {
						"0.0": [0, 0, 0],
						"0.125": [115, 0, 0],
						"0.5": [0, 0, 0]
					}
				},
				"head": {
					"rotation": {
						"0.0": [0, 0, 0],
						"0.125": [12.5, 0, 0],
						"0.25": [10, 0, 0],
						"0.375": [-10, 0, 0],
						"0.5": [0, 0, 0]
					},
					"scale": "query.is_baby? 1.5:1"
				},
				"leg_left": {
					"rotation": {
						"0.0": [0, 0, 0],
						"0.125": [70, 0, 0],
						"0.25": [70, 0, 0],
						"0.375": [27.5, 0, 0],
						"0.5": [0, 0, 0]
					}
				},
				"tail": {
					"rotation": {
						"0.0": [0, 0, 0],
						"0.125": [-17.5, 0, 0],
						"0.25": [-10, 0, 0],
						"0.375": [2.5, 0, 0],
						"0.5": [0, 0, 0]
					}
				},
				"tail2": {
					"rotation": {
						"0.0": [0, 0, 0],
						"0.125": [22.5, 0, 0],
						"0.25": [-10, 0, 0],
						"0.375": [12.5, 0, 0],
						"0.5": [0, 0, 0]
					}
				},
				"arm_right": {
					"rotation": {
						"0.0": [0, 0, 0],
						"0.125": [115, 0, 0],
						"0.5": [0, 0, 0]
					}
				},
				"leg_right": {
					"rotation": {
						"0.0": [0, 0, 0],
						"0.125": [70, 0, 0],
						"0.25": [70, 0, 0],
						"0.375": [27.5, 0, 0],
						"0.5": [0, 0, 0]
					}
				},
				"rightItem": {
					"rotation": [-90, 0, 90],
					"position": {
						"0.0": [0, 1.75, -6.5],
						"0.125": [0, 6, -6.5],
						"0.25": [0, 5.25, -6.5],
						"0.375": [0, 2, -6.75],
						"0.5": [0, 1.5, -7]
					},
					"scale": 0.6
				},
				"root": {
					"rotation": [0, "(variable.attack_time*720)", 0]
				}
			}
		},
		"animation.rat.remove": {
			"loop": true,
			"blend_weight": "1",
			"bones": {
				"root": {
					"scale": 0
				}
			}
		}
	}
}