{
	"format_version": "1.8.0",
	"animations": {
		"animation.crusher.active": {
			"loop": true,
			"animation_length": 1,
			"bones": {
				"root": {
					"rotation": [ 0, "q.property('km:dir')*90", 0 ]
				},
				"drill0": {
					"rotation": [0,0,"Math.mod(q.life_time*50, 360)"]
				},
				"drill1": {
					"rotation": [0,0,"-Math.mod(q.life_time*50, 360)"]
				},
				"rightArm": {
					"position": {
						"0.0": [-1, -1, 0],
						"1.0": [-1, -3, 0]
					},
					"scale": {
						"0.0": [0.5, 0.5, 0.5],
						"1.0": [0.2, 0.2, 0.2]
					}
				}
			}
		}
	}
}