{
  "namespace": "hud",
  
"adrenaline_render":{
      "type":"image",
      "texture":"textures/ui/mana_bar.png",
      "keep_ratio":false,
      "size":[
         20,
         19
      ],
      "layer":1,
      "alpha":1,
      "controls":[
         {
            "adrenaline_filled":{
               "type":"image",
               "texture":"textures/ui/mana_bar.png",
               "size":[
                  "100%",
                  "100%"
               ],
               "clip_pixelperfect":true,
               "clip_direction":"down",
               "$clip_max":19.0,
               "layer":2,
               "alpha":1,
               "bindings":[
                  {
                     "binding_type":"view",
                     "source_control_name": "as_data_control",
                     "source_property_name":"((#adrenaline * 1) / $clip_max)",
                     "target_property_name":"#clip_ratio"
                  }
               ]
            }
         }
      ]
    },
      
"root_panel": {
	"modifications": [
		{
			"array_name": "controls",
			"operation": "insert_front",
			"value": [
				{ "adrenaline_render@hud.adrenaline_render": {} }
			]
		}
	]
}
}



