{
	"format_version": "1.10.0",
	"animation_controllers": {
		"controller.animation.degu": {
			"initial_state": "idle",
			"states": {
				"idle": {
					"animations": ["idle"],
					"transitions": [
						{"walking": "q.ground_speed > 0.5 || q.is_in_water && !q.is_riding"},
						{"sitting": "q.is_sitting || query.property('ratskins:sit')"}
					],
					"blend_transition": 0.3
				},
				"walking": {
					"animations": ["run"],
					"transitions": [
						{"idle": "q.ground_speed < 0.5 && !q.is_in_water"},
						{"sitting": "q.is_sitting"}
					],
					"blend_transition": 0.2
				},

				"sitting": {
					"animations": ["sit"],
					"transitions": [
						{"idle": "!q.is_sitting && !query.property('ratskins:sit')"}
					],
					"blend_transition": 0.2
				}
			}
		}
	}
}