{
	"format_version": "1.21.20",
	"minecraft:geometry": [
		{
			"description": {
				"identifier": "geometry.crusher",
				"texture_width": 128,
				"texture_height": 128,
				"visible_bounds_width": 5,
				"visible_bounds_height": 3.5,
				"visible_bounds_offset": [0, 1.25, 0]
			},
			"bones": [
				{
					"name": "root",
					"pivot": [0, 0, 0],
					"rotation": [0, -90, 0],
					"cubes": [
						{
							"origin": [-8, 0, -8],
							"size": [16, 4, 16],
							"uv": {
								"north": {"uv": [6, 103], "uv_size": [16, 4]},
								"east": {"uv": [44, 103], "uv_size": [-16, 4]},
								"south": {"uv": [49, 103], "uv_size": [16, 4]},
								"west": {"uv": [28, 103], "uv_size": [16, 4]},
								"up": {"uv": [28, 112], "uv_size": [16, 16]},
								"down": {"uv": [6, 128], "uv_size": [16, -16]}
							}
						},
						{
							"origin": [-7, 4, -7],
							"size": [14, 11, 14],
							"inflate": 0.01,
							"uv": {
								"north": {"uv": [7, 92], "uv_size": [14, 11]},
								"east": {"uv": [29, 92], "uv_size": [14, 11]},
								"south": {"uv": [50, 92], "uv_size": [14, 11]},
								"west": {"uv": [29, 92], "uv_size": [14, 11]},
								"up": {"uv": [7, 72], "uv_size": [14, 14]}
							}
						},
						{
							"origin": [-5, 4, -8],
							"size": [10, 9, 16],
							"uv": {
								"north": {"uv": [9, 94], "uv_size": [10, 9]},
								"east": {"uv": [65, 74], "uv_size": [-16, 9]},
								"south": {"uv": [52, 94], "uv_size": [10, 9]},
								"west": {"uv": [49, 74], "uv_size": [16, 9]},
								"up": {"uv": [41, 87], "uv_size": [-10, -16]}
							}
						},
						{
							"origin": [-5, 4, -8],
							"size": [10, 9, 1],
							"pivot": [0, 0, 0],
							"rotation": [0, -90, 0],
							"uv": {
								"north": {"uv": [9, 94], "uv_size": [10, 9]},
								"east": {"uv": [50, 74], "uv_size": [-1, 9]},
								"south": {"uv": [52, 94], "uv_size": [10, 9]},
								"west": {"uv": [49, 74], "uv_size": [1, 9]},
								"up": {"uv": [41, 72], "uv_size": [-10, -1]}
							}
						},
						{
							"origin": [-6.5, 5, -7],
							"size": [13, 10, 14],
							"uv": {
								"north": {"uv": [7, 92], "uv_size": [14, 12]},
								"east": {"uv": [41, 0], "uv_size": [14, 15]},
								"south": {"uv": [7, 92], "uv_size": [14, 12]},
								"west": {"uv": [7, 92], "uv_size": [14, 11]},
								"up": {"uv": [81, 44], "uv_size": [-14, -14]},
								"down": {"uv": [71, 21], "uv_size": [-14, -14]}
							}
						}
					]
				},
				{
					"name": "drill0",
					"parent": "root",
					"pivot": [-2.25, 9, 0],
					"cubes": [
						{
							"origin": [-3.25, 8, -7],
							"size": [2, 2, 14],
							"uv": {
								"north": {"uv": [6, 0], "uv_size": [2, 2]},
								"east": {"uv": [6, 0], "uv_size": [14, 2]},
								"south": {"uv": [17, 0], "uv_size": [2, 2]},
								"west": {"uv": [6, 0], "uv_size": [13, 2]},
								"up": {"uv": [20, 2], "uv_size": [-14, -2], "uv_rotation": 270},
								"down": {"uv": [20, 2], "uv_size": [-14, -2], "uv_rotation": 270}
							}
						},
						{
							"origin": [-5.25, 6, 5.5],
							"size": [6, 6, 1],
							"uv": {
								"north": {"uv": [0, 0], "uv_size": [6, 6]},
								"east": {"uv": [9, 3], "uv_size": [6, 1], "uv_rotation": 90},
								"south": {"uv": [0, 0], "uv_size": [6, 6]},
								"west": {"uv": [9, 3], "uv_size": [6, 1], "uv_rotation": 90},
								"up": {"uv": [15, 4], "uv_size": [-6, -1]},
								"down": {"uv": [15, 4], "uv_size": [-6, -1]}
							}
						},
						{
							"origin": [-5.25, 6, 3.5],
							"size": [6, 6, 1],
							"pivot": [-2.25, 9, 0],
							"rotation": [0, 0, 10],
							"uv": {
								"north": {"uv": [0, 0], "uv_size": [6, 6]},
								"east": {"uv": [9, 3], "uv_size": [6, 1], "uv_rotation": 90},
								"south": {"uv": [0, 0], "uv_size": [6, 6]},
								"west": {"uv": [9, 3], "uv_size": [6, 1], "uv_rotation": 90},
								"up": {"uv": [15, 4], "uv_size": [-6, -1]},
								"down": {"uv": [15, 4], "uv_size": [-6, -1]}
							}
						},
						{
							"origin": [-5.25, 6, 1.5],
							"size": [6, 6, 1],
							"pivot": [-2.25, 9, 0],
							"rotation": [0, 0, 20],
							"uv": {
								"north": {"uv": [0, 0], "uv_size": [6, 6]},
								"east": {"uv": [9, 3], "uv_size": [6, 1], "uv_rotation": 90},
								"south": {"uv": [0, 0], "uv_size": [6, 6]},
								"west": {"uv": [9, 3], "uv_size": [6, 1], "uv_rotation": 90},
								"up": {"uv": [15, 4], "uv_size": [-6, -1]},
								"down": {"uv": [15, 4], "uv_size": [-6, -1]}
							}
						},
						{
							"origin": [-5.25, 6, -0.5],
							"size": [6, 6, 1],
							"pivot": [-2.25, 9, 0],
							"rotation": [0, 0, 30],
							"uv": {
								"north": {"uv": [0, 0], "uv_size": [6, 6]},
								"east": {"uv": [9, 3], "uv_size": [6, 1], "uv_rotation": 90},
								"south": {"uv": [0, 0], "uv_size": [6, 6]},
								"west": {"uv": [9, 3], "uv_size": [6, 1], "uv_rotation": 90},
								"up": {"uv": [15, 4], "uv_size": [-6, -1]},
								"down": {"uv": [15, 4], "uv_size": [-6, -1]}
							}
						},
						{
							"origin": [-5.25, 6, -2.5],
							"size": [6, 6, 1],
							"pivot": [-2.25, 9, 0],
							"rotation": [0, 0, 40],
							"uv": {
								"north": {"uv": [0, 0], "uv_size": [6, 6]},
								"east": {"uv": [9, 3], "uv_size": [6, 1], "uv_rotation": 90},
								"south": {"uv": [0, 0], "uv_size": [6, 6]},
								"west": {"uv": [9, 3], "uv_size": [6, 1], "uv_rotation": 90},
								"up": {"uv": [15, 4], "uv_size": [-6, -1]},
								"down": {"uv": [15, 4], "uv_size": [-6, -1]}
							}
						},
						{
							"origin": [-5.25, 6, -4.5],
							"size": [6, 6, 1],
							"pivot": [-2.25, 9, 0],
							"rotation": [0, 0, 50],
							"uv": {
								"north": {"uv": [0, 0], "uv_size": [6, 6]},
								"east": {"uv": [9, 3], "uv_size": [6, 1], "uv_rotation": 90},
								"south": {"uv": [0, 0], "uv_size": [6, 6]},
								"west": {"uv": [9, 3], "uv_size": [6, 1], "uv_rotation": 90},
								"up": {"uv": [15, 4], "uv_size": [-6, -1]},
								"down": {"uv": [15, 4], "uv_size": [-6, -1]}
							}
						},
						{
							"origin": [-5.25, 6, -6.5],
							"size": [6, 6, 1],
							"pivot": [-2.25, 9, 0],
							"rotation": [0, 0, 60],
							"uv": {
								"north": {"uv": [0, 0], "uv_size": [6, 6]},
								"east": {"uv": [9, 3], "uv_size": [6, 1], "uv_rotation": 90},
								"south": {"uv": [0, 0], "uv_size": [6, 6]},
								"west": {"uv": [9, 3], "uv_size": [6, 1], "uv_rotation": 90},
								"up": {"uv": [15, 4], "uv_size": [-6, -1]},
								"down": {"uv": [15, 4], "uv_size": [-6, -1]}
							}
						}
					]
				},
				{
					"name": "drill1",
					"parent": "root",
					"pivot": [1.75, 9, -1],
					"rotation": [0, 180, 0],
					"cubes": [
						{
							"origin": [0.75, 8, -9],
							"size": [2, 2, 14],
							"uv": {
								"north": {"uv": [6, 0], "uv_size": [2, 2]},
								"east": {"uv": [6, 0], "uv_size": [14, 2]},
								"south": {"uv": [17, 0], "uv_size": [2, 2]},
								"west": {"uv": [6, 0], "uv_size": [13, 2]},
								"up": {"uv": [20, 2], "uv_size": [-14, -2], "uv_rotation": 270},
								"down": {"uv": [20, 2], "uv_size": [-14, -2], "uv_rotation": 270}
							}
						},
						{
							"origin": [-1.25, 6, 2.5],
							"size": [6, 6, 1],
							"pivot": [1.75, 9, -1],
							"rotation": [0, 0, 10],
							"uv": {
								"north": {"uv": [0, 0], "uv_size": [6, 6]},
								"east": {"uv": [9, 3], "uv_size": [6, 1], "uv_rotation": 90},
								"south": {"uv": [0, 0], "uv_size": [6, 6]},
								"west": {"uv": [9, 3], "uv_size": [6, 1], "uv_rotation": 90},
								"up": {"uv": [15, 4], "uv_size": [-6, -1]},
								"down": {"uv": [15, 4], "uv_size": [-6, -1]}
							}
						},
						{
							"origin": [-1.25, 6, 0.5],
							"size": [6, 6, 1],
							"pivot": [1.75, 9, -1],
							"rotation": [0, 0, 20],
							"uv": {
								"north": {"uv": [0, 0], "uv_size": [6, 6]},
								"east": {"uv": [9, 3], "uv_size": [6, 1], "uv_rotation": 90},
								"south": {"uv": [0, 0], "uv_size": [6, 6]},
								"west": {"uv": [9, 3], "uv_size": [6, 1], "uv_rotation": 90},
								"up": {"uv": [15, 4], "uv_size": [-6, -1]},
								"down": {"uv": [15, 4], "uv_size": [-6, -1]}
							}
						},
						{
							"origin": [-1.25, 6, -1.5],
							"size": [6, 6, 1],
							"pivot": [1.75, 9, -1],
							"rotation": [0, 0, 30],
							"uv": {
								"north": {"uv": [0, 0], "uv_size": [6, 6]},
								"east": {"uv": [9, 3], "uv_size": [6, 1], "uv_rotation": 90},
								"south": {"uv": [0, 0], "uv_size": [6, 6]},
								"west": {"uv": [9, 3], "uv_size": [6, 1], "uv_rotation": 90},
								"up": {"uv": [15, 4], "uv_size": [-6, -1]},
								"down": {"uv": [15, 4], "uv_size": [-6, -1]}
							}
						},
						{
							"origin": [-1.25, 6, -3.5],
							"size": [6, 6, 1],
							"pivot": [1.75, 9, -1],
							"rotation": [0, 0, 40],
							"uv": {
								"north": {"uv": [0, 0], "uv_size": [6, 6]},
								"east": {"uv": [9, 3], "uv_size": [6, 1], "uv_rotation": 90},
								"south": {"uv": [0, 0], "uv_size": [6, 6]},
								"west": {"uv": [9, 3], "uv_size": [6, 1], "uv_rotation": 90},
								"up": {"uv": [15, 4], "uv_size": [-6, -1]},
								"down": {"uv": [15, 4], "uv_size": [-6, -1]}
							}
						},
						{
							"origin": [-1.25, 6, -5.5],
							"size": [6, 6, 1],
							"pivot": [1.75, 9, -1],
							"rotation": [0, 0, 50],
							"uv": {
								"north": {"uv": [0, 0], "uv_size": [6, 6]},
								"east": {"uv": [9, 3], "uv_size": [6, 1], "uv_rotation": 90},
								"south": {"uv": [0, 0], "uv_size": [6, 6]},
								"west": {"uv": [9, 3], "uv_size": [6, 1], "uv_rotation": 90},
								"up": {"uv": [15, 4], "uv_size": [-6, -1]},
								"down": {"uv": [15, 4], "uv_size": [-6, -1]}
							}
						},
						{
							"origin": [-1.25, 6, -7.5],
							"size": [6, 6, 1],
							"pivot": [1.75, 9, -1],
							"rotation": [0, 0, 60],
							"uv": {
								"north": {"uv": [0, 0], "uv_size": [6, 6]},
								"east": {"uv": [9, 3], "uv_size": [6, 1], "uv_rotation": 90},
								"south": {"uv": [0, 0], "uv_size": [6, 6]},
								"west": {"uv": [9, 3], "uv_size": [6, 1], "uv_rotation": 90},
								"up": {"uv": [15, 4], "uv_size": [-6, -1]},
								"down": {"uv": [15, 4], "uv_size": [-6, -1]}
							}
						}
					]
				},
				{
					"name": "rightArm",
					"parent": "root",
					"pivot": [0, 12, -1],
					"rotation": [0, 90, -70],
					"cubes": [
						{
							"origin": [-1, 11, -2],
							"size": [2, 2, 2],
							"uv": {
								"north": {"uv": [0, 0], "uv_size": [2, 2]},
								"east": {"uv": [0, 0], "uv_size": [2, 2]},
								"south": {"uv": [0, 0], "uv_size": [2, 2]},
								"west": {"uv": [0, 0], "uv_size": [2, 2]},
								"up": {"uv": [2, 2], "uv_size": [-2, -2]},
								"down": {"uv": [2, 2], "uv_size": [-2, -2]}
							}
						}
					]
				},
				{
					"name": "rightItem",
					"parent": "rightArm",
					"pivot": [0, 11, -1],
					"rotation": [5, 180, 5]
				},
				{
					"name": "leftArm",
					"parent": "root",
					"pivot": [-8.5, 6, 1],
					"rotation": [33.5051, -80.99406, -33.83303]
				},
				{
					"name": "leftItem",
					"parent": "leftArm",
					"pivot": [-8.5, 6, 1]
				}
			],
			"item_display_transforms": {
				"thirdperson_righthand": {
					"rotation": [75, 45, 0],
					"translation": [0, 2.5, 0],
					"scale": [0.375, 0.375, 0.375],
					"rotation_pivot": [0, 0, 0],
					"scale_pivot": [0, 0, 0]
				},
				"thirdperson_lefthand": {
					"rotation": [75, 45, 0],
					"translation": [0, 2.5, 0],
					"scale": [0.375, 0.375, 0.375],
					"rotation_pivot": [0, 0, 0],
					"scale_pivot": [0, 0, 0]
				},
				"firstperson_righthand": {
					"rotation": [0, 135, 0],
					"translation": [0, 0, 0],
					"scale": [0.4, 0.4, 0.4],
					"rotation_pivot": [0, 0, 0],
					"scale_pivot": [0, 0, 0]
				},
				"firstperson_lefthand": {
					"rotation": [0, 135, 0],
					"translation": [0, 0, 0],
					"scale": [0.4, 0.4, 0.4],
					"rotation_pivot": [0, 0, 0],
					"scale_pivot": [0, 0, 0]
				},
				"ground": {
					"rotation": [0, 0, 0],
					"translation": [0, 3, 0],
					"scale": [0.25, 0.25, 0.25],
					"rotation_pivot": [0, 0, 0],
					"scale_pivot": [0, 0, 0]
				},
				"gui": {
					"rotation": [30, 225, 0],
					"translation": [0, 0, 0],
					"scale": [0.625, 0.625, 0.625],
					"rotation_pivot": [0, 0, 0],
					"scale_pivot": [0, 0, 0]
				},
				"head": {
					"rotation": [0, 0, 0],
					"translation": [0, 0, 0],
					"scale": [1, 1, 1],
					"rotation_pivot": [0, 0, 0],
					"scale_pivot": [0, 0, 0]
				},
				"fixed": {
					"rotation": [0, 0, 0],
					"translation": [0, 0, 0],
					"scale": [0.5, 0.5, 0.5],
					"rotation_pivot": [0, 0, 0],
					"scale_pivot": [0, 0, 0]
				}
			}
		}
	]
}