{
	"format_version": "1.21.20",
	"minecraft:geometry": [
		{
			"description": {
				"identifier": "geometry.glider",
				"texture_width": 64,
				"texture_height": 64,
				"visible_bounds_width": 3,
				"visible_bounds_height": 2.5,
				"visible_bounds_offset": [0, 0.75, 0]
			},
			"bones": [
				{
					"name": "glider",
					"pivot": [0, 0, 0],
					"cubes": [
						{
							"origin": [-6, 8, -8],
							"size": [12, 2, 16],
							"uv": {
								"north": {"uv": [24, 28], "uv_size": [12, 2]},
								"east": {"uv": [24, 16], "uv_size": [16, 2]},
								"south": {"uv": [24, 30], "uv_size": [12, 2]},
								"west": {"uv": [24, 18], "uv_size": [16, 2]},
								"up": {"uv": [0, 0], "uv_size": [12, 16]},
								"down": {"uv": [12, 16], "uv_size": [12, -16]}
							}
						},
						{
							"origin": [6, 8, -8],
							"size": [8, 2, 16],
							"pivot": [6, 8, 0],
							"rotation": [0, 0, 35],
							"uv": {
								"north": {"uv": [0, 32], "uv_size": [8, 2]},
								"east": {"uv": [24, 20], "uv_size": [16, 2]},
								"south": {"uv": [32, 0], "uv_size": [8, 2]},
								"west": {"uv": [24, 22], "uv_size": [16, 2]},
								"up": {"uv": [0, 16], "uv_size": [8, 16]},
								"down": {"uv": [8, 32], "uv_size": [8, -16]}
							}
						},
						{
							"origin": [-6, 8, -8],
							"size": [8, 2, 16],
							"pivot": [-6, 8, 0],
							"rotation": [0, 180, -35],
							"uv": {
								"north": {"uv": [32, 2], "uv_size": [8, 2]},
								"east": {"uv": [24, 24], "uv_size": [16, 2]},
								"south": {"uv": [32, 4], "uv_size": [8, 2]},
								"west": {"uv": [24, 26], "uv_size": [16, 2]},
								"up": {"uv": [16, 16], "uv_size": [8, 16]},
								"down": {"uv": [24, 16], "uv_size": [8, -16]}
							}
						}
					]
				}
			],
			"item_display_transforms": {
				"thirdperson_righthand": {
					"rotation": [-84, 0, 0],
					"translation": [-6.25, -1.5, -1],
					"scale": [1, 1, 1],
					"rotation_pivot": [0, 0, 0],
					"scale_pivot": [0, 0, 0]
				},
				"thirdperson_lefthand": {
					"rotation": [0, 0, 0],
					"translation": [-6.25, 0, 0],
					"scale": [1, 1, 1],
					"rotation_pivot": [0, 0, 0],
					"scale_pivot": [0, 0, 0]
				},
				"firstperson_righthand": {
					"rotation": [0, 45, 0],
					"translation": [0, 0, 0],
					"scale": [0.4, 0.4, 0.4],
					"rotation_pivot": [0, 0, 0],
					"scale_pivot": [0, 0, 0]
				},
				"firstperson_lefthand": {
					"rotation": [0, 225, 0],
					"translation": [0, 0, 0],
					"scale": [0.4, 0.4, 0.4],
					"rotation_pivot": [0, 0, 0],
					"scale_pivot": [0, 0, 0]
				},
				"ground": {
					"rotation": [0, 0, 0],
					"translation": [0, 3, 0],
					"scale": [0.25, 0.25, 0.25],
					"rotation_pivot": [0, 0, 0],
					"scale_pivot": [0, 0, 0]
				},
				"gui": {
					"rotation": [30, 225, 0],
					"translation": [0, 0, 0],
					"scale": [0.625, 0.625, 0.625],
					"rotation_pivot": [0, 0, 0],
					"scale_pivot": [0, 0, 0]
				},
				"head": {
					"rotation": [0, 0, 0],
					"translation": [0, 0, 0],
					"scale": [1, 1, 1],
					"rotation_pivot": [0, 0, 0],
					"scale_pivot": [0, 0, 0]
				},
				"fixed": {
					"rotation": [0, 0, 0],
					"translation": [0, 0, 0],
					"scale": [0.5, 0.5, 0.5],
					"rotation_pivot": [0, 0, 0],
					"scale_pivot": [0, 0, 0]
				}
			}
		}
	]
}