{
	"format_version": "1.21.0",
	"minecraft:geometry": [
		{
			"description": {
				"identifier": "geometry.item_transporter",
				"texture_width": 48,
				"texture_height": 16,
				"visible_bounds_width": 2,
				"visible_bounds_height": 2.5,
				"visible_bounds_offset": [0, 0.75, 0]
			},
			"bones": [
				{
					"name": "root",
					"pivot": [0, 8, 0],
					"cubes": [
						{
							"origin": [-8, 0, -8],
							"size": [16, 16, 16],
							"uv": {
								"north": {"uv": [16, 0], "uv_size": [16, 16]},
								"east": {"uv": [0, 0], "uv_size": [16, 16]},
								"south": {"uv": [32, 0], "uv_size": [16, 16]},
								"west": {"uv": [16, 0], "uv_size": [-16, 16]},
								"up": {"uv": [0, 16], "uv_size": [16, -16], "uv_rotation": 90},
								"down": {"uv": [0, 16], "uv_size": [16, -16], "uv_rotation": 270}
							}
						}
					]
				}
			]
		}
	]
}