{
	"format_version": "1.12.0",
	"minecraft:geometry": [
		{
			"description": {
				"identifier": "geometry.degu",
				"texture_width": 32,
				"texture_height": 32,
				"visible_bounds_width": 3,
				"visible_bounds_height": 2.5,
				"visible_bounds_offset": [0, 0.75, 0]
			},
			"bones": [
				{
					"name": "root",
					"pivot": [0, 0, 0]
				},
				{
					"name": "body",
					"parent": "root",
					"pivot": [0, 2, 3.5],
					"cubes": [
						{"origin": [-2.5, 1, -3], "size": [5, 3.5, 2], "inflate": 0.1, "uv": [4, 11]},
						{"origin": [-3, 1, -1], "size": [6, 4, 5], "uv": [0, 0]}
					]
				},
				{
					"name": "arm_left",
					"parent": "body",
					"pivot": [2.25, 0.5, -1],
					"cubes": [
						{"origin": [1.5, 0, -2.5], "size": [1, 1, 2], "uv": [24, 26]}
					]
				},
				{
					"name": "arm_right",
					"parent": "body",
					"pivot": [-2.25, 0.5, -1],
					"cubes": [
						{"origin": [-2.5, 0, -2.5], "size": [1, 1, 2], "uv": [24, 26], "mirror": true}
					]
				},
				{
					"name": "leg_left",
					"parent": "body",
					"pivot": [2, 0.5, 3],
					"cubes": [
						{"origin": [1.75, 0, 0.5], "size": [1, 1, 3], "uv": [23, 21]},
						{"origin": [1.25, 0.5, 2.25], "size": [2, 2, 2], "uv": [23, 15]}
					]
				},
				{
					"name": "leg_right",
					"parent": "body",
					"pivot": [-2, 0.5, 3],
					"cubes": [
						{"origin": [-2.75, 0, 0.5], "size": [1, 1, 3], "uv": [23, 21], "mirror": true},
						{"origin": [-3.25, 0.5, 2.25], "size": [2, 2, 2], "uv": [23, 15]}
					]
				},
				{
					"name": "tail",
					"parent": "body",
					"pivot": [0, 2.5, 4],
					"rotation": [-90, 0, 0],
					"cubes": [
						{"origin": [-0.5, 2.5, 3.5], "size": [1, 5, 1], "uv": [27, 8]}
					]
				},
				{
					"name": "tail2",
					"parent": "tail",
					"pivot": [0.75, 7.5, 4],
					"cubes": [
						{"origin": [-0.5, 7.5, 3.5], "size": [1, 5, 1], "uv": [27, 1]},
						{"origin": [-0.5, 11.5, 3.5], "size": [1, 1, 1], "inflate": 0.5, "uv": [27, 1]}
					]
				},
				{
					"name": "head",
					"parent": "body",
					"pivot": [0, 2.75, -3],
					"cubes": [
						{"origin": [-2, 1.25, -7], "size": [4, 3, 4], "uv": [3, 18]},
						{
							"origin": [-3, 3.75, -5],
							"size": [2, 2, 0],
							"pivot": [-1, 3.75, -5],
							"rotation": [-15, 20, 0],
							"uv": {
								"north": {"uv": [22, 0], "uv_size": [2, 2]}
							}
						},
						{
							"origin": [1, 3.75, -5],
							"size": [2, 2, 0],
							"pivot": [1, 3.75, -5],
							"rotation": [-15, -20, 0],
							"uv": {
								"north": {"uv": [24, 0], "uv_size": [-2, 2]}
							}
						}
					]
				},
				{
					"name": "rightItem",
					"parent": "root",
					"pivot": [0, 0, 0]
				}
			]
		}
	]
}