{
	"format_version": "1.19.0",
	"minecraft:geometry": [
		{
			"description": {
				"identifier": "geometry.rodent_nest",
				"texture_width": 16,
				"texture_height": 16,
				"visible_bounds_width": 3,
				"visible_bounds_height": 1.5,
				"visible_bounds_offset": [0, 0.25, 0]
			},
			"bones": [
				{
					"name": "block",
					"pivot": [0, 0, 0],
					"cubes": [
						{
							"origin": [-8, 1, -8],
							"size": [16, 0, 16],
							"pivot": [0, 0, 0],
							"rotation": [-10, 0, 0],
							"uv": {
								"north": {"uv": [0, 0], "uv_size": [16, 0]},
								"east": {"uv": [0, 0], "uv_size": [16, 0]},
								"south": {"uv": [0, 0], "uv_size": [16, 0]},
								"west": {"uv": [0, 0], "uv_size": [16, 0]},
								"up": {"uv": [16, 16], "uv_size": [-16, -16]}
							}
						},
						{
							"origin": [-8, 1, -8],
							"size": [16, 0, 16],
							"pivot": [0, 0, 0],
							"rotation": [0, -90, -10],
							"uv": {
								"north": {"uv": [0, 0], "uv_size": [16, 0]},
								"east": {"uv": [0, 0], "uv_size": [16, 0]},
								"south": {"uv": [0, 0], "uv_size": [16, 0]},
								"west": {"uv": [0, 0], "uv_size": [16, 0]},
								"up": {"uv": [16, 16], "uv_size": [-16, -16]}
							}
						},
						{
							"origin": [-8, 1, -8],
							"size": [16, 0, 16],
							"pivot": [0, 0, 0],
							"rotation": [170, 0, -180],
							"uv": {
								"north": {"uv": [0, 0], "uv_size": [16, 0]},
								"east": {"uv": [0, 0], "uv_size": [16, 0]},
								"south": {"uv": [0, 0], "uv_size": [16, 0]},
								"west": {"uv": [0, 0], "uv_size": [16, 0]},
								"up": {"uv": [16, 16], "uv_size": [-16, -16]}
							}
						},
						{
							"origin": [-8, 1, -8],
							"size": [16, 0, 16],
							"pivot": [0, 0, 0],
							"rotation": [0, 90, 10],
							"uv": {
								"north": {"uv": [0, 0], "uv_size": [16, 0]},
								"east": {"uv": [0, 0], "uv_size": [16, 0]},
								"south": {"uv": [0, 0], "uv_size": [16, 0]},
								"west": {"uv": [0, 0], "uv_size": [16, 0]},
								"up": {"uv": [16, 16], "uv_size": [-16, -16]}
							}
						}
					]
				}
			]
		}
	]
}