{
	"format_version": "1.12.0",
	"minecraft:geometry": [
		{
			"description": {
				"identifier": "geometry.camera_base",
				"texture_width": 16,
				"texture_height": 16,
				"visible_bounds_width": 3,
				"visible_bounds_height": 2.5,
				"visible_bounds_offset": [0, 0.75, 0]
			},
			"bones": [
				{
					"name": "base",
					"pivot": [0, 0, 0],
					"cubes": [
						{
							"origin": [-2, 0, 6],
							"size": [4, 4, 2],
							"uv": {
								"north": {"uv": [0, 0], "uv_size": [4, 4]},
								"east": {"uv": [4, 0], "uv_size": [2, 4]},
								"south": {"uv": [0, 4], "uv_size": [4, 4]},
								"west": {"uv": [4, 4], "uv_size": [2, 4]},
								"up": {"uv": [6, 0], "uv_size": [4, 2]},
								"down": {"uv": [6, 4], "uv_size": [4, -2]}
							}
						}
					]
				}
			]
		}
	]
}