{
    "format_version": "1.10.0",
    "minecraft:client_entity": {
        "description": {
            "identifier": "km:item_transporter_se",
            "materials": {
                "default":"entity_alphatest"
            },
            "textures": {
                "default":"textures/entities/item_transporter"
            },
            "geometry": {
                "default":"geometry.item_transporter"
            },
            "render_controllers": [
                    "controller.render.item_transporter"
            ],
            "animations": {
                "active": "animation.item_transporter.rotation"
            },
            "enable_attachables": false,
            "hide_armor": false,
            "scripts": {
                "animate": [
                    "active"
                ]
            }
        }
    }
}