{
  "namespace": "hud",
  
  "custom_hud_bar": {
    "type": "panel",
    "size": [ 180, 50 ],
    "offset": [
      118,
      -56
    ],
    "anchor_from":"bottom_middle",
    "anchor_to": "bottom_middle",
    "bindings": [
      {
        "binding_name": "#is_not_riding",
        "binding_name_override": "#visible"
      }
    ],
    "controls": [
      {
        "mana_empty": {
          "texture": "textures/ui/mana_bar",
          "$string_bar": "hud_update.ac:",
          "$clip_max": 100.0,
          "clip_pixelperfect": true,
          "clip_direction":"left",
          "size": [ 64, 8 ],
          "uv": [
            0,
            -8
          ],
          "uv_size": [64,16],
          "type": "image",
          "layer": 2,
          "keep_ratio": false,
          "offset": [ 0, 0 ],
          "anchor_from":"bottom_left",
          "anchor_to":"bottom_left",
          "bindings": [
            {
                "binding_name": "#hud_title_text_string"
            },
            {
                "binding_type": "view",
                "source_property_name": "(('%.17s' * #hud_title_text_string) - $string_bar)",
                "target_property_name": "#texto"
            },
            {
                "binding_type": "view",
                "source_property_name": "(1 + (#texto * 1) * 100)",
                "target_property_name": "#ratio"
            },
            {
                "binding_type": "view",
                "source_property_name": "(($clip_max - #ratio) / $clip_max)",
                "target_property_name": "#clip_ratio"
            }
        ]
        }
      },
        {
            "mana": {
                "$clip_max": 100.0,
                "texture": "textures/ui/mana_bar",
                "$string_bar": "hud_update.ac:",
                "size": [ 64, 8 ],
                "uv": [
                  0,
                  8
                ],
                "uv_size": [64,16],
                "type": "image",
                "layer": 3,
                "clip_direction": "left",
                "clip_pixelperfect": true,
                "keep_ratio": false,
                "offset": [ 0, 0 ],
                "anchor_from":"bottom_left",
                "anchor_to":"bottom_left",
                "bindings": [
                    {
                        "binding_name": "#hud_title_text_string"
                    },
                    {
                        "binding_type": "view",
                        "source_property_name": "(('%.17s' * #hud_title_text_string) - $string_bar)",
                        "target_property_name": "#texto"
                    },
                    {
                        "binding_type": "view",
                        "source_property_name": "(#texto * 1)",
                        "target_property_name": "#ratio"
                    },
                    {
                        "binding_type": "view",
                        "source_property_name": "(($clip_max - #ratio) / $clip_max)",
                        "target_property_name": "#clip_ratio"
                    },
                    {
                      "binding_type": "view",
                      "source_property_name": "( not (#clip_ratio = 100.0) or not (#clip_ratio = 0.0) )",
                      "target_property_name": "#visible"
                    }
                ]
            }
        },
        {
          "icon": {
              "$clip_max": 100.0,
              "texture": "textures/ui/mana_bar",
              "$string_bar": "hud_update.ac:",
              "size": [ 16, 16 ],
              "uv": [
                64,
                0
              ],
              "uv_size": [16,16],
              "type": "image",
              "layer": 3,
              "clip_direction": "left",
              "clip_pixelperfect": true,
              "keep_ratio": false,
              "offset": [ -9, 6 ],
              "anchor_from":"bottom_left",
              "anchor_to":"bottom_left",
              "bindings": [
                  {
                      "binding_name": "#hud_title_text_string"
                  },
                  {
                      "binding_type": "view",
                      "source_property_name": "(('%.17s' * #hud_title_text_string) - $string_bar)",
                      "target_property_name": "#texto"
                  },
                  {
                      "binding_type": "view",
                      "source_property_name": "(#texto * 100)",
                      "target_property_name": "#ratio"
                  },
                  {
                      "binding_type": "view",
                      "source_property_name": "(($clip_max - #ratio) / $clip_max)",
                      "target_property_name": "#clip_ratio"
                  }
              ]
          }
      }
    ]
},
"hud_title_text/title_frame/title": {
  "$update_string": "hud_update.",
  "modifications": [
  {
    "array_name": "bindings",
    "operation": "insert_back",
    "value": [
      {
        "binding_name":"#hud_title_text_string"
     },
     {
        "binding_name":"#hud_title_text_string",
        "binding_name_override":"#stored_text",
        "binding_condition":"visibility_changed"
     },
     {
        "binding_type":"view",
        "source_property_name":"(#stored_text - $update_string)",
        "target_property_name":"#data_status_bar"
     },
     {
        "binding_type": "view",
        "source_property_name": "(not (#hud_title_text_string = #stored_text) and not ((#hud_title_text_string - $update_string) = #hud_title_text_string))",
        "target_property_name": "#visible"
     }
    ]
    }
  ]
},
"root_panel": {
  "modifications": [
    {
      "array_name": "controls",
      "operation": "insert_front",
      "value": [
        { "custom_hud_bar@hud.custom_hud_bar": {} }
      ]
    }
  ]
}
}



