{
	"format_version": "1.12.0",
	"minecraft:geometry": [
		{
			"description": {
				"identifier": "geometry.turbine",
				"texture_width": 48,
				"texture_height": 16,
				"visible_bounds_width": 2,
				"visible_bounds_height": 2.5,
				"visible_bounds_offset": [0, 0.75, 0]
			},
			"bones": [
				{
					"name": "bone",
					"pivot": [0, 0, 0],
					"cubes": [
						{
							"origin": [-8, 0, -8],
							"size": [16, 16, 16],
							"uv": {
								"north": {"uv": [0, 0], "uv_size": [16, 16]},
								"east": {"uv": [0, 0], "uv_size": [16, 16]},
								"south": {"uv": [0, 0], "uv_size": [16, 16]},
								"west": {"uv": [0, 0], "uv_size": [16, 16]},
								"up": {"uv": [32, 16], "uv_size": [-16, -16]},
								"down": {"uv": [32, 16], "uv_size": [-16, -16]}
							}
						}
					],
					"locators": {
						"steam_locator": [0, 18, 0]
					}
				},
				{
					"name": "turbine",
					"parent": "bone",
					"pivot": [0, 0, 0],
					"cubes": [
						{
							"origin": [-5, 0, -5],
							"size": [10, 16, 10],
							"inflate": 0.2,
							"uv": {
								"up": {"uv": [47, 15], "uv_size": [-14, -14]},
								"down": {"uv": [47, 15], "uv_size": [-14, -14]}
							}
						}
					]
				}
			]
		}
	]
}