{
	"format_version": "1.21.0",
	"minecraft:geometry": [
		{
			"description": {
				"identifier": "geometry.wire",
				"texture_width": 16,
				"texture_height": 16,
				"visible_bounds_width": 2,
				"visible_bounds_height": 2.5,
				"visible_bounds_offset": [0, 0.75, 0]
			},
			"bones": [
				{
					"name": "root",
					"pivot": [0, 8, 0]
				},
				{
					"name": "c0",
					"parent": "root",
					"pivot": [0, 8, 0],
					"cubes": [
						{
							"origin": [-1, 7, -1],
							"size": [2, 2, 2],
							"uv": {
								"north": {"uv": [7, 7], "uv_size": [2, 2]},
								"east": {"uv": [7, 7], "uv_size": [2, 2]},
								"south": {"uv": [7, 7], "uv_size": [2, 2]},
								"west": {"uv": [7, 7], "uv_size": [2, 2]},
								"up": {"uv": [9, 9], "uv_size": [-2, -2]},
								"down": {"uv": [9, 9], "uv_size": [-2, -2]}
							}
						}
					]
				},
				{
					"name": "c1",
					"parent": "root",
					"pivot": [0, 8, 0],
					"cubes": [
						{
							"origin": [-1, 7, -1],
							"size": [2, 2, 2],
							"uv": {
								"north": {"uv": [1, 7], "uv_size": [2, 2]},
								"east": {"uv": [1, 7], "uv_size": [2, 2]},
								"south": {"uv": [1, 7], "uv_size": [2, 2]},
								"west": {"uv": [1, 7], "uv_size": [2, 2]},
								"up": {"uv": [3, 9], "uv_size": [-2, -2]},
								"down": {"uv": [3, 9], "uv_size": [-2, -2]}
							}
						}
					]
				},
				{
					"name": "n",
					"parent": "root",
					"pivot": [0, 8, 0],
					"cubes": [
						{
							"origin": [-1, 7, -8],
							"size": [2, 2, 7],
							"uv": {
								"north": {"uv": [7, 7], "uv_size": [2, 2]},
								"east": {"uv": [0, 7], "uv_size": [7, 2]},
								"south": {"uv": [7, 7], "uv_size": [2, 2]},
								"west": {"uv": [0, 7], "uv_size": [7, 2]},
								"up": {"uv": [7, 9], "uv_size": [-7, -2], "uv_rotation": 90},
								"down": {"uv": [7, 9], "uv_size": [-7, -2], "uv_rotation": 90}
							}
						}
					]
				},
				{
					"name": "s",
					"parent": "root",
					"pivot": [0, 8, 0],
					"rotation": [0, 180, 0],
					"cubes": [
						{
							"origin": [-1, 7, -8],
							"size": [2, 2, 7],
							"uv": {
								"north": {"uv": [7, 7], "uv_size": [2, 2]},
								"east": {"uv": [0, 7], "uv_size": [7, 2]},
								"south": {"uv": [7, 7], "uv_size": [2, 2]},
								"west": {"uv": [0, 7], "uv_size": [7, 2]},
								"up": {"uv": [7, 9], "uv_size": [-7, -2], "uv_rotation": 90},
								"down": {"uv": [7, 9], "uv_size": [-7, -2], "uv_rotation": 90}
							}
						}
					]
				},
				{
					"name": "w",
					"parent": "root",
					"pivot": [0, 8, 0],
					"rotation": [0, -90, 0],
					"cubes": [
						{
							"origin": [-1, 7, -8],
							"size": [2, 2, 7],
							"uv": {
								"north": {"uv": [7, 7], "uv_size": [2, 2]},
								"east": {"uv": [0, 7], "uv_size": [7, 2]},
								"south": {"uv": [7, 7], "uv_size": [2, 2]},
								"west": {"uv": [0, 7], "uv_size": [7, 2]},
								"up": {"uv": [7, 9], "uv_size": [-7, -2], "uv_rotation": 90},
								"down": {"uv": [7, 9], "uv_size": [-7, -2], "uv_rotation": 90}
							}
						}
					]
				},
				{
					"name": "e",
					"parent": "root",
					"pivot": [0, 8, 0],
					"rotation": [0, 90, 0],
					"cubes": [
						{
							"origin": [-1, 7, -8],
							"size": [2, 2, 7],
							"uv": {
								"north": {"uv": [7, 7], "uv_size": [2, 2]},
								"east": {"uv": [0, 7], "uv_size": [7, 2]},
								"south": {"uv": [7, 7], "uv_size": [2, 2]},
								"west": {"uv": [0, 7], "uv_size": [7, 2]},
								"up": {"uv": [7, 9], "uv_size": [-7, -2], "uv_rotation": 90},
								"down": {"uv": [7, 9], "uv_size": [-7, -2], "uv_rotation": 90}
							}
						}
					]
				},
				{
					"name": "u",
					"parent": "root",
					"pivot": [0, 8, 0],
					"rotation": [-90, 0, 0],
					"cubes": [
						{
							"origin": [-1, 7, -8],
							"size": [2, 2, 7],
							"uv": {
								"north": {"uv": [7, 7], "uv_size": [2, 2]},
								"east": {"uv": [0, 7], "uv_size": [7, 2]},
								"south": {"uv": [7, 7], "uv_size": [2, 2]},
								"west": {"uv": [0, 7], "uv_size": [7, 2]},
								"up": {"uv": [7, 9], "uv_size": [-7, -2], "uv_rotation": 90},
								"down": {"uv": [7, 9], "uv_size": [-7, -2], "uv_rotation": 90}
							}
						}
					]
				},
				{
					"name": "d",
					"parent": "root",
					"pivot": [0, 8, 0],
					"rotation": [90, 0, 0],
					"cubes": [
						{
							"origin": [-1, 7, -8],
							"size": [2, 2, 7],
							"uv": {
								"north": {"uv": [7, 7], "uv_size": [2, 2]},
								"east": {"uv": [0, 7], "uv_size": [7, 2]},
								"south": {"uv": [7, 7], "uv_size": [2, 2]},
								"west": {"uv": [0, 7], "uv_size": [7, 2]},
								"up": {"uv": [7, 9], "uv_size": [-7, -2], "uv_rotation": 90},
								"down": {"uv": [7, 9], "uv_size": [-7, -2], "uv_rotation": 90}
							}
						}
					]
				},
				{
					"name": "body",
					"parent": "root",
					"pivot": [0, 7, 0],
					"cubes": [
						{
							"origin": [-4, 4, -4],
							"size": [8, 8, 8],
							"uv": {}
						}
					]
				}
			]
		}
	]
}