{
	"format_version": "1.12.0",
	"minecraft:geometry": [
		{
			"description": {
				"identifier": "geometry.wire",
				"texture_width": 6,
				"texture_height": 6,
				"visible_bounds_width": 2,
				"visible_bounds_height": 1.5,
				"visible_bounds_offset": [0, 0.25, 0]
			},
			"bones": [
				{
					"name": "head",
					"pivot": [0, 0, 0]
				},
				{
					"name": "x_rot",
					"parent": "head",
					"pivot": [0, 0, 0],
					"cubes": [
						{
							"origin": [-1, -4, -1],
							"size": [2, 8, 2],
							"uv": {
								"north": {"uv": [0, 0], "uv_size": [6, 6]},
								"east": {"uv": [0, 0], "uv_size": [6, 6]},
								"south": {"uv": [0, 0], "uv_size": [6, 6]},
								"west": {"uv": [0, 0], "uv_size": [6, 6]},
								"up": {"uv": [0, 0], "uv_size": [0, 0]},
								"down": {"uv": [0, 0], "uv_size": [0, 0]}
							}
						}
					]
				}
			]
		}
	]
}