{
	"format_version": "1.12.0",
	"minecraft:geometry": [
		{
			"description": {
				"identifier": "geometry.gba_door_0_top",
				"texture_width": 16,
				"texture_height": 16,
				"visible_bounds_width": 2,
				"visible_bounds_height": 2.5,
				"visible_bounds_offset": [0, 0.75, 0]
			},
			"bones": [
				{
					"name": "root",
					"pivot": [-7, 0, 0]
				},
				{
					"name": "closed",
					"parent": "root",
					"pivot": [0, 0, 0],
					"cubes": [
						{
							"origin": [-8, 0, -1],
							"size": [16, 16, 2],
							"uv": {
								"north": {"uv": [0, 0], "uv_size": [16, 16]},
								"east": {"uv": [0, 0], "uv_size": [1, 16]},
								"south": {"uv": [16, 0], "uv_size": [-16, 16]},
								"west": {"uv": [1, 0], "uv_size": [-1, 16]},
								"up": {"uv": [0, 1], "uv_size": [16, -1]},
								"down": {"uv": [0, 16], "uv_size": [16, -1]}
							}
						}
					]
				},
				{
					"name": "open",
					"parent": "root",
					"pivot": [0, 0, 0],
					"cubes": [
						{
							"origin": [5, 0, -1],
							"size": [3, 16, 2],
							"uv": {
								"north": {"uv": [13, 0], "uv_size": [3, 16]},
								"east": {"uv": [0, 0], "uv_size": [1, 16]},
								"south": {"uv": [16, 0], "uv_size": [-3, 16]},
								"west": {"uv": [0, 0], "uv_size": [1, 16]},
								"up": {"uv": [3, 1], "uv_size": [-3, -1]},
								"down": {"uv": [3, 1], "uv_size": [-3, -1]}
							}
						},
						{
							"origin": [4, 0, -1],
							"size": [1, 16, 2],
							"uv": {
								"north": {"uv": [0, 0], "uv_size": [1, 16]},
								"east": {"uv": [0, 0], "uv_size": [1, 16]},
								"south": {"uv": [0, 0], "uv_size": [1, 16]},
								"west": {"uv": [0, 0], "uv_size": [1, 16]},
								"up": {"uv": [1, 2], "uv_size": [-1, -2]},
								"down": {"uv": [1, 2], "uv_size": [-1, -2]}
							}
						},
						{
							"origin": [-8, 0, -1],
							"size": [1, 16, 2],
							"uv": {
								"north": {"uv": [0, 0], "uv_size": [1, 16]},
								"east": {"uv": [0, 0], "uv_size": [1, 16]},
								"south": {"uv": [0, 0], "uv_size": [1, 16]},
								"west": {"uv": [0, 0], "uv_size": [1, 16]},
								"up": {"uv": [1, 2], "uv_size": [-1, -2]},
								"down": {"uv": [1, 2], "uv_size": [-1, -2]}
							}
						},
						{
							"origin": [-7, 15, -1],
							"size": [11, 1, 2],
							"uv": {
								"north": {"uv": [0, 0], "uv_size": [1, 16]},
								"east": {"uv": [0, 0], "uv_size": [1, 16]},
								"south": {"uv": [0, 0], "uv_size": [1, 16]},
								"west": {"uv": [0, 0], "uv_size": [1, 16]},
								"up": {"uv": [1, 2], "uv_size": [-1, -2]},
								"down": {"uv": [1, 2], "uv_size": [-1, -2]}
							}
						}
					]
				}
			]
		}
	]
}