{
	"format_version": "1.21.20",
	"minecraft:geometry": [
		{
			"description": {
				"identifier": "geometry.gba_door_0_bottom",
				"texture_width": 16,
				"texture_height": 16,
				"visible_bounds_width": 2,
				"visible_bounds_height": 2.5,
				"visible_bounds_offset": [0, 0.75, 0]
			},
			"bones": [
				{
					"name": "root",
					"pivot": [0, 0, 0]
				},
				{
					"name": "closed",
					"parent": "root",
					"pivot": [0, 0, 0],
					"cubes": [
						{
							"origin": [-8, 0, -1],
							"size": [16, 16, 2],
							"uv": {
								"north": {"uv": [0, 0], "uv_size": [16, 16]},
								"east": {"uv": [0, 0], "uv_size": [1, 16]},
								"south": {"uv": [16, 0], "uv_size": [-16, 16]},
								"west": {"uv": [0, 0], "uv_size": [1, 16]},
								"up": {"uv": [0, 1], "uv_size": [16, -1]},
								"down": {"uv": [16, 16], "uv_size": [-16, -1]}
							}
						}
					]
				},
				{
					"name": "open",
					"parent": "root",
					"pivot": [0, 0, 0],
					"cubes": [
						{
							"origin": [7, 0, -1],
							"size": [1, 16, 2],
							"uv": {
								"north": {"uv": [0, 0], "uv_size": [1, 2]},
								"east": {"uv": [0, 0], "uv_size": [1, 2]},
								"south": {"uv": [0, 0], "uv_size": [1, 2]},
								"west": {"uv": [0, 0], "uv_size": [1, 2]},
								"up": {"uv": [1, 2], "uv_size": [-1, -2]},
								"down": {"uv": [1, 2], "uv_size": [-1, -2]}
							}
						},
						{
							"origin": [5, 15, -1],
							"size": [2, 1, 2],
							"uv": {
								"north": {"uv": [0, 14], "uv_size": [2, 1]},
								"east": {"uv": [0, 0], "uv_size": [1, 2]},
								"south": {"uv": [14, 0], "uv_size": [2, 1]},
								"west": {"uv": [0, 0], "uv_size": [1, 2]},
								"up": {"uv": [1, 2], "uv_size": [-1, -2]},
								"down": {"uv": [1, 2], "uv_size": [-1, -2]}
							}
						},
						{
							"origin": [6, 14, -1],
							"size": [1, 1, 2],
							"uv": {
								"north": {"uv": [15, 0], "uv_size": [1, 1]},
								"east": {"uv": [0, 0], "uv_size": [1, 2]},
								"south": {"uv": [0, 0], "uv_size": [1, 2]},
								"west": {"uv": [0, 0], "uv_size": [1, 2]},
								"up": {"uv": [1, 2], "uv_size": [-1, -2]},
								"down": {"uv": [1, 2], "uv_size": [-1, -2]}
							}
						},
						{
							"origin": [-8, 0, -1],
							"size": [3, 14, 2],
							"uv": {
								"north": {"uv": [0, 2], "uv_size": [3, 14]},
								"east": {"uv": [0, 0], "uv_size": [1, 14]},
								"south": {"uv": [3, 2], "uv_size": [-3, 14]},
								"west": {"uv": [0, 0], "uv_size": [1, 14]},
								"up": {"uv": [4, 16], "uv_size": [-4, -1]},
								"down": {"uv": [4, 16], "uv_size": [-4, -1]}
							}
						},
						{
							"origin": [-8, 14, -1],
							"size": [2, 1, 2],
							"uv": {
								"north": {"uv": [0, 1], "uv_size": [2, 1]},
								"east": {"uv": [0, 0], "uv_size": [1, 14]},
								"south": {"uv": [2, 1], "uv_size": [-2, 1]},
								"west": {"uv": [0, 0], "uv_size": [1, 14]},
								"up": {"uv": [4, 16], "uv_size": [-4, -1]},
								"down": {"uv": [4, 16], "uv_size": [-4, -1]}
							}
						},
						{
							"origin": [-5, 0, -1],
							"size": [1, 14, 2],
							"uv": {
								"north": {"uv": [0, 0], "uv_size": [1, 2]},
								"east": {"uv": [0, 0], "uv_size": [1, 2]},
								"south": {"uv": [0, 0], "uv_size": [1, 2]},
								"west": {"uv": [0, 0], "uv_size": [1, 2]},
								"up": {"uv": [1, 2], "uv_size": [-1, -2]},
								"down": {"uv": [1, 2], "uv_size": [-1, -2]}
							}
						},
						{
							"origin": [-6, 14, -1],
							"size": [1, 1, 2],
							"uv": {
								"north": {"uv": [0, 0], "uv_size": [1, 2]},
								"east": {"uv": [0, 0], "uv_size": [1, 2]},
								"south": {"uv": [0, 0], "uv_size": [1, 2]},
								"west": {"uv": [0, 0], "uv_size": [1, 2]},
								"up": {"uv": [1, 2], "uv_size": [-1, -2]},
								"down": {"uv": [1, 2], "uv_size": [-1, -2]}
							}
						},
						{
							"origin": [-8, 15, -1],
							"size": [2, 1, 2],
							"uv": {
								"north": {"uv": [0, 0], "uv_size": [1, 2]},
								"east": {"uv": [0, 0], "uv_size": [1, 2]},
								"south": {"uv": [0, 0], "uv_size": [1, 2]},
								"west": {"uv": [0, 0], "uv_size": [1, 2]},
								"up": {"uv": [1, 2], "uv_size": [-1, -2]},
								"down": {"uv": [1, 2], "uv_size": [-1, -2]}
							}
						}
					]
				}
			]
		}
	]
}