{
	"format_version": "1.8.0",
	"render_controllers": {
		"controller.render.conveyor": {
			"materials": [
				{
					"*": "material.default"
				}
			],
			"textures": [
				"texture.default"
			],
			"geometry": "geometry.default",
			"part_visibility": [
				{"*":true},
				{"normal":"!q.property('km:sloped')"},
				{"sloped":"q.property('km:sloped')"}
			],
			"uv_anim": {
				"offset": [0.0, "math.mod(math.floor(q.life_span*6000 * 2), 2) / 2"],
				"scale": [1.0, "1 / 2"]
			}
		}
	}
}