{
	"format_version": "1.8.0",
	"render_controllers": {
		"controller.render.wire": {
			"arrays": {
				"textures": {
					"Array.insulation" : [
						"texture.uninsulated",
						"texture.insulated"
					]
				}
			},
			"materials": [
				{
					"*": "material.default"
				}
			],
			"textures": [
				"Array.insulation[q.property('km:insulated')]"
			],
			"geometry": "geometry.default",
            "part_visibility": [
                {"*":false},
                {"root":true},
				{"c0":"!q.property('km:connections')"},
				{"c1":"q.property('km:connections')"},

                {"n":"q.property('km:s')"},
                {"s":"q.property('km:n')"},
                {"e":"q.property('km:w')"},
                {"w":"q.property('km:e')"},
                {"u":"q.property('km:d')"},
                {"d":"q.property('km:u')"}
            ]
		}
	}
}