{
    "format_version": "1.10.0",
    "render_controllers": {
        "controller.render.nayexus.first_person": {
          "geometry": "Geometry.nayexus",
          "materials": [ { "*": "Material.nayexus" } ],
          "textures": [ "Texture.nayexus" ],
          "part_visibility": [
            {"*":false},
            {"rightArm":"!query.is_item_equipped(0)"}
          ]
        },
        "controller.render.nayexus.third_person": {
            "geometry": "Geometry.nayexus",
            "materials": [ { "*": "Material.nayexus" } ],
            "textures": [ "Texture.nayexus" ],
            "part_visibility": [
                { "*": true }
            ]
        }
    }
}