{
    "format_version": "1.20.81",
    "sound_definitions": {
        "entity.shocked": {
            "category": "block",
            "sounds": [
                {
                    "name": "sounds/entity/shocked",
                    "stream": true                  
                }
            ]
        },
        "block.efurnace.active": {
            "category": "block",
            "sounds": [
                {
                    "name": "sounds/block/machine/efurnace",
                    "stream": true,
                    "volume": 0.8              
                }
            ]
        }
    }
}