{
	"format_version": "1.10.0",
	"particle_effect": {
		"description": {
			"identifier": "ratskins:phoenix_down",
			"basic_render_parameters": {
				"material": "particles_alpha",
				"texture": "textures/particles/phoenix_down"
			}
		},
		"components": {
			"minecraft:emitter_rate_instant": {
				"num_particles": 20
			},
			"minecraft:emitter_lifetime_once": {
				"active_time": 1
			},
			"minecraft:emitter_shape_disc": {
				"offset": [0, 0.5, 0],
				"radius": 0.5,
				"surface_only": true,
				"direction": "outwards"
			},
			"minecraft:particle_lifetime_expression": {
				"max_lifetime": "math.random(0.3,0.8)"
			},
			"minecraft:particle_initial_speed": 2,
			"minecraft:particle_motion_dynamic": {
				"linear_acceleration": [0, "math.random(1,20)", 0]
			},
			"minecraft:particle_appearance_billboard": {
				"size": ["0.8-variable.particle_age", "0.8-variable.particle_age"],
				"facing_camera_mode": "rotate_xyz",
				"uv": {
					"texture_width": 16,
					"texture_height": 64,
					"flipbook": {
						"base_UV": [0, 0],
						"size_UV": [16, 16],
						"step_UV": [0, 16],
						"frames_per_second": 15,
						"max_frame": 4,
						"loop": true
					}
				}
			}
		}
	}
}