{
	"format_version": "1.21.0",
	"minecraft:geometry": [
		{
			"description": {
				"identifier": "geometry.gba_vendor",
				"texture_width": 48,
				"texture_height": 48,
				"visible_bounds_width": 3,
				"visible_bounds_height": 3.5,
				"visible_bounds_offset": [0, 1.25, 0]
			},
			"bones": [
				{
					"name": "root",
					"pivot": [0, 0, 0],
					"cubes": [
						{
							"origin": [-10, 0, -5],
							"size": [20, 31, 10],
							"uv": {
								"north": {"uv": [0, 8], "uv_size": [20, 30]},
								"east": {"uv": [20, 8], "uv_size": [8, 30]},
								"south": {"uv": [28, 8], "uv_size": [20, 30]},
								"west": {"uv": [28, 8], "uv_size": [-7, 30]},
								"up": {"uv": [20, 8], "uv_size": [-20, -8]},
								"down": {"uv": [48, 38], "uv_size": [-4, -1]}
							}
						}
					]
				},
				{
					"name": "outline",
					"pivot": [0, 0, 0],
					"cubes": [
						{
							"origin": [-11, 0, -6],
							"size": [22, 32, 12],
							"uv": {
								"north": {"uv": [47, 37], "uv_size": [1, 1]},
								"east": {"uv": [46, 36], "uv_size": [2, 2]},
								"south": {"uv": [45, 36], "uv_size": [3, 2]},
								"west": {"uv": [48, 37], "uv_size": [-2, 1]},
								"up": {"uv": [48, 38], "uv_size": [-4, -2]},
								"down": {"uv": [48, 38], "uv_size": [-4, -1]}
							}
						},
						{
							"origin": [-10, 0, -5],
							"size": [20, 31, 10],
							"inflate": 0.01,
							"uv": {
								"north": {"uv": [47, 37], "uv_size": [1, 1]},
								"east": {"uv": [46, 36], "uv_size": [2, 2]},
								"south": {"uv": [45, 36], "uv_size": [3, 2]},
								"west": {"uv": [48, 37], "uv_size": [-2, 1]},
								"up": {"uv": [48, 38], "uv_size": [-4, -2]},
								"down": {"uv": [48, 38], "uv_size": [-4, -1]}
							}
						}
					]
				}
			]
		}
	]
}