{
	"format_version": "1.12.0",
	"minecraft:geometry": [
		{
			"description": {
				"identifier": "geometry.hamlin_guide",
				"texture_width": 128,
				"texture_height": 64,
				"visible_bounds_width": 6,
				"visible_bounds_height": 3,
				"visible_bounds_offset": [0, 0.5, 0]
			},
			"bones": [
				{
					"name": "body",
					"pivot": [0, 0, 0],
					"rotation": [0, 180, 0],
					"cubes": [
						{
							"origin": [-29, -15, 26],
							"size": [48, 32, 0],
							"uv": {
								"north": {"uv": [16, 2], "uv_size": [96, 62]}
							}
						}
					]
				},
				{
					"name": "note1",
					"parent": "body",
					"pivot": [-3, 7.5, 40],
					"cubes": [
						{
							"origin": [-11, 5.5, 25],
							"size": [4, 4, 2],
							"uv": {
								"north": {"uv": [0, 0], "uv_size": [16, 16]}
							}
						}
					]
				},
				{
					"name": "note2",
					"parent": "body",
					"pivot": [3, 7.5, 40],
					"cubes": [
						{
							"origin": [-5, 5.5, 25],
							"size": [4, 4, 2],
							"uv": {
								"north": {"uv": [0, 0], "uv_size": [16, 16]}
							}
						}
					]
				},
				{
					"name": "note3",
					"parent": "body",
					"pivot": [9, 7.5, 40],
					"cubes": [
						{
							"origin": [1, 5.5, 25],
							"size": [4, 4, 2],
							"uv": {
								"north": {"uv": [0, 0], "uv_size": [16, 16]}
							}
						}
					]
				},
				{
					"name": "note4",
					"parent": "body",
					"pivot": [15, 7.5, 40],
					"cubes": [
						{
							"origin": [7, 5.5, 25],
							"size": [4, 4, 2],
							"uv": {
								"north": {"uv": [0, 0], "uv_size": [16, 16]}
							}
						}
					]
				},
				{
					"name": "head",
					"pivot": [0, 22, 0],
					"cubes": [
						{
							"origin": [1, 22, -1],
							"size": [0, 0, 0],
							"uv": {
								"north": {"uv": [0, 0], "uv_size": [0, 0]},
								"east": {"uv": [0, 0], "uv_size": [0, 0]},
								"south": {"uv": [0, 0], "uv_size": [0, 0]},
								"west": {"uv": [0, 0], "uv_size": [0, 0]},
								"up": {"uv": [0, 0], "uv_size": [0, 0]},
								"down": {"uv": [0, 0], "uv_size": [0, 0]}
							}
						}
					]
				},
				{
					"name": "eyes",
					"parent": "head",
					"pivot": [0, 26, 0]
				}
			]
		}
	]
}