{
	"format_version": "1.12.0",
	"minecraft:geometry": [
		{
			"description": {
				"identifier": "geometry.hamlin_guide_v2",
				"texture_width": 128,
				"texture_height": 64,
				"visible_bounds_width": 7,
				"visible_bounds_height": 4,
				"visible_bounds_offset": [0, 1, 0]
			},
			"bones": [
				{
					"name": "body",
					"pivot": [0, 0, 0],
					"rotation": [0, 180, 0],
					"cubes": [
						{
							"origin": [-29, 3, 18],
							"size": [48, 32, 0],
							"uv": {
								"north": {"uv": [16, 2], "uv_size": [96, 62]}
							}
						}
					]
				},
				{
					"name": "note1",
					"parent": "body",
					"pivot": [-3, 25.5, 18],
					"cubes": [
						{
							"origin": [-11, 23.5, 17],
							"size": [4, 4, 2],
							"uv": {
								"north": {"uv": [0, 0], "uv_size": [16, 16]}
							}
						}
					]
				},
				{
					"name": "note2",
					"parent": "body",
					"pivot": [3, 25.5, 18],
					"cubes": [
						{
							"origin": [-5, 23.5, 17],
							"size": [4, 4, 2],
							"uv": {
								"north": {"uv": [0, 0], "uv_size": [16, 16]}
							}
						}
					]
				},
				{
					"name": "note3",
					"parent": "body",
					"pivot": [9, 25.5, 18],
					"cubes": [
						{
							"origin": [1, 23.5, 17],
							"size": [4, 4, 2],
							"uv": {
								"north": {"uv": [0, 0], "uv_size": [16, 16]}
							}
						}
					]
				},
				{
					"name": "note4",
					"parent": "body",
					"pivot": [15, 25.5, 18],
					"cubes": [
						{
							"origin": [7, 23.5, 17],
							"size": [4, 4, 2],
							"uv": {
								"north": {"uv": [0, 0], "uv_size": [16, 16]}
							}
						}
					]
				}
			]
		}
	]
}