{
	"format_version": "1.10.0",
	"particle_effect": {
		"description": {
			"identifier": "km:particle_steam",
			"basic_render_parameters": {
				"material": "particles_alpha",
				"texture": "textures/blocks/wool_colored_white"
			}
		},
		"components": {
			"minecraft:emitter_rate_steady": {
				"spawn_rate": 4,
				"max_particles": 100
			},
			"minecraft:emitter_lifetime_once": {
				"active_time": 1
			},
			"minecraft:emitter_shape_point": {
				"offset": [0, 0.4, 0]
			},
			"minecraft:particle_lifetime_expression": {
				"max_lifetime": 1
			},
			"minecraft:particle_initial_speed": 0,
			"minecraft:particle_motion_dynamic": {
				"linear_acceleration": ["(variable.particle_random_1-0.5)", 5, "(variable.particle_random_1-0.5)"]
			},
			"minecraft:particle_appearance_billboard": {
				"size": [0.5, 0.5],
				"facing_camera_mode": "rotate_xyz",
				"uv": {
					"texture_width": 16,
					"texture_height": 128,
					"flipbook": {
						"base_UV": [0, 0],
						"size_UV": [16, 16],
						"step_UV": [0, 16],
						"frames_per_second": 12,
						"max_frame": 8,
						"stretch_to_lifetime": true
					}
				}
			},
			"minecraft:particle_appearance_lighting": {}
		}
	}
}