{
    "format_version": "1.10.0",
    "render_controllers": {
        "controller.render.chocobo": {

            "arrays": {
                "textures": {
                    "Array.base" : [
                        "texture.default"
                    ]
                }
            },
            "geometry": "geometry.default",
            "materials": [ { 
                "*": "material.default"
                } ],
            "textures": [
                "Array.base[0]",
                "Array.base[0]",
                "Array.base[0]"
            ]
        }
    }
}