{
    "format_version": "1.10.0",
    "minecraft:client_entity": {
        "description": {
            "identifier": "ratskins:degu",
            "materials": {
                "default": "entity_emissive_alpha"
            },
            "textures": {
                "default": "textures/entity/degus/degu",
                "diego": "textures/entity/degus/diego"
            },
            "geometry": {
                "default": "geometry.degu"
            },
            "animations": {
                "degu.ac": "controller.animation.degu",
                "idle": "animation.degu.idle",
                "run": "animation.degu.run",
                "sit": "animation.degu.sit"
            },
            "scripts": {
				"animate": [
                    "degu.ac"
				]
			},
            "render_controllers": [
                "controller.render.degu"
            ],
            "spawn_egg": {
                "base_color": "#2d261e",
                "overlay_color": "#bd9985"
            }
        }
    }
}