{
	"format_version": "1.16.0",
	"minecraft:geometry": [
		{
			"description": {
				"identifier": "geometry.nayexus_v2",
				"texture_width": 64,
				"texture_height": 64,
				"visible_bounds_width": 3,
				"visible_bounds_height": 4.5,
				"visible_bounds_offset": [0, 1.75, 0]
			},
			"bones": [
				{
					"name": "root",
					"pivot": [0, 0, 0]
				},
				{
					"name": "waist",
					"parent": "root",
					"pivot": [0, 13, 0]
				},
				{
					"name": "body",
					"parent": "waist",
					"pivot": [0, 23, 0],
					"cubes": [
						{"origin": [-3, 13, -2], "size": [6, 9, 4], "uv": [0, 15]}
					]
				},
				{
					"name": "rightArm",
					"parent": "body",
					"pivot": [-6, 22, 0],
					"cubes": [
						{"origin": [-8, 10, -2], "size": [2, 6, 4], "inflate": 0.2, "uv": [0, 28]},
						{"origin": [-8, 16, -2], "size": [2, 6, 4], "uv": [32, 0]}
					]
				},
				{
					"name": "rightItem",
					"parent": "rightArm",
					"pivot": [-6, 15, 1],
					"binding": "'rightitem'",
					"locators": {
						"hold_lead": [-7, 9, 0]
					}
				},
				{
					"name": "leftArm",
					"parent": "body",
					"pivot": [6, 21, 0],
					"cubes": [
						{"origin": [6, 9, -2], "size": [2, 6, 4], "inflate": 0.2, "uv": [0, 28], "mirror": true},
						{"origin": [6, 15, -2], "size": [2, 6, 4], "uv": [32, 0], "mirror": true}
					]
				},
				{
					"name": "head",
					"parent": "body",
					"pivot": [0, 22, 0],
					"cubes": [
						{"origin": [-4, 23, -4], "size": [8, 7, 8], "uv": [0, 0]},
						{"origin": [-4, 23, -4], "size": [8, 7, 8], "inflate": 0.2, "uv": [32, 49]}
					]
				},
				{
					"name": "leftEar",
					"parent": "head",
					"pivot": [3, 28.5, 0],
					"rotation": [0, -15, 12.5],
					"cubes": [
						{"origin": [1, 28.5, -1], "size": [4, 7, 2], "uv": [0, 55]}
					]
				},
				{
					"name": "rightEar",
					"parent": "head",
					"pivot": [-3, 28.5, 0],
					"rotation": [0, 15, -12.5],
					"cubes": [
						{"origin": [-5, 28.5, -1], "size": [4, 7, 2], "uv": [0, 55], "mirror": true}
					]
				},
				{
					"name": "leftLeg",
					"parent": "root",
					"pivot": [2, 13, -0.5],
					"cubes": [
						{"origin": [0, 7, -2.5], "size": [4, 7, 4], "uv": [20, 15]}
					]
				},
				{
					"name": "leftFoot",
					"parent": "leftLeg",
					"pivot": [2, 8, 0.5],
					"cubes": [
						{"origin": [0.5, 0, -0.5], "size": [3, 9, 3], "uv": [20, 26]}
					]
				},
				{
					"name": "leftFoot1",
					"parent": "leftFoot",
					"pivot": [2, 1, 1],
					"cubes": [
						{"origin": [0.5, 0, -1.5], "size": [3, 2, 4], "inflate": 0.1, "uv": [32, 26]}
					]
				},
				{
					"name": "rightLeg",
					"parent": "root",
					"pivot": [-2, 13, -0.5],
					"cubes": [
						{"origin": [-4, 7, -2.5], "size": [4, 7, 4], "uv": [20, 15], "mirror": true}
					]
				},
				{
					"name": "rightFoot",
					"parent": "rightLeg",
					"pivot": [-2, 8, 0.5],
					"cubes": [
						{"origin": [-3.5, 0, -0.5], "size": [3, 9, 3], "uv": [20, 26], "mirror": true}
					]
				},
				{
					"name": "rightFoot1",
					"parent": "rightFoot",
					"pivot": [-2, 1, 1],
					"cubes": [
						{"origin": [-3.5, 0, -1.5], "size": [3, 2, 4], "inflate": 0.1, "uv": [32, 26], "mirror": true}
					]
				}
			]
		}
	]
}