{
	"format_version": "1.12.0",
	"minecraft:geometry": [
		{
			"description": {
				"identifier": "geometry.nayexus",
				"texture_width": 64,
				"texture_height": 64,
				"visible_bounds_width": 4,
				"visible_bounds_height": 3,
				"visible_bounds_offset": [0, 1.5, 0]
			},
			"bones": [
				{
					"name": "root",
					"pivot": [0, 0, 0]
				},
				{
					"name": "legs",
					"parent": "root",
					"pivot": [0, 13, 0]
				},
				{
					"name": "acc_left",
					"parent": "legs",
					"pivot": [1.5, 12, 0],
					"rotation": [0, 0, -20],
					"cubes": [
						{"origin": [2.5, 6, -4], "size": [0, 6, 8], "uv": [0, 22]}
					]
				},
				{
					"name": "waist",
					"parent": "root",
					"pivot": [0, 15, 0],
					"cubes": [
						{"origin": [-2.5, 14, -2], "size": [5, 4, 4], "uv": [28, 34]},
						{"origin": [-2, 15.79289, -2.70711], "size": [4, 2, 2], "pivot": [0, 16.5, -1], "rotation": [55, 0, 0], "uv": [0, 36]},
						{"origin": [-1, 18, -1], "size": [2, 2, 2], "uv": [42, 34]},
						{"origin": [-3, 10, -3], "size": [6, 4, 6], "uv": [26, 24]}
					]
				},
				{
					"name": "arm_left",
					"parent": "waist",
					"pivot": [3, 17, 0],
					"rotation": [0, 0, -32.5],
					"cubes": [
						{"origin": [2, 14, -1], "size": [2, 3, 2], "uv": [0, 15]}
					]
				},
				{
					"name": "hand_left",
					"parent": "arm_left",
					"pivot": [3, 14, 0],
					"cubes": [
						{"origin": [2, 10, -1], "size": [2, 4, 2], "inflate": 0.05, "uv": [0, 0]}
					]
				},
				{
					"name": "arm_right",
					"parent": "waist",
					"pivot": [-3, 17, 0],
					"rotation": [0, 0, 32.5],
					"cubes": [
						{"origin": [-4, 14, -1], "size": [2, 3, 2], "uv": [0, 15], "mirror": true}
					]
				},
				{
					"name": "rightArm",
					"parent": "arm_right",
					"pivot": [-3, 14, 0],
					"cubes": [
						{"origin": [-4, 10, -1], "size": [2, 4, 2], "inflate": 0.05, "uv": [0, 0], "mirror": true}
					]
				},
				{
					"name": "rightItem",
					"parent": "rightArm",
					"pivot": [0, 0, 0]
				},
				{
					"name": "head",
					"parent": "waist",
					"pivot": [0, 19, 0],
					"cubes": [
						{"origin": [-4, 19, -4], "size": [8, 7, 8], "uv": [0, 15]},
						{"origin": [-4, 19, -4], "size": [8, 7, 8], "inflate": 0.3, "uv": [32, 49]}
					]
				},
				{
					"name": "ear_left",
					"parent": "head",
					"pivot": [3, 25, 0],
					"rotation": [-4.30963, -29.7174, 8.64388],
					"cubes": [
						{"origin": [1, 24, -1], "size": [4, 7, 2], "uv": [16, 42]}
					]
				},
				{
					"name": "hair",
					"parent": "head",
					"pivot": [0, 26, 0],
					"cubes": [
						{"origin": [-1.5, 26, -3], "size": [3, 2, 6], "uv": [24, 0]},
						{"origin": [-4.5, 20, 0], "size": [9, 7, 5], "uv": [25, 10]},
						{"origin": [-1, 24.5, -6.25], "size": [0, 4, 4], "pivot": [-1, 25.5, -3], "rotation": [0, 20, 0], "uv": [37, 12]}
					]
				},
				{
					"name": "ponyTail",
					"parent": "hair",
					"pivot": [0, 25, 7],
					"cubes": [
						{"origin": [-2, 24, 5], "size": [4, 4, 3], "uv": [42, 0]}
					]
				},
				{
					"name": "left",
					"parent": "hair",
					"pivot": [4, 24, -2],
					"rotation": [0, 0, -15],
					"cubes": [
						{"origin": [3, 21, -3], "size": [2, 4, 2], "uv": [56, 24]}
					]
				},
				{
					"name": "wings",
					"parent": "waist",
					"pivot": [0, 17, 2]
				},
				{
					"name": "wing_left",
					"parent": "wings",
					"pivot": [1, 17, 2],
					"rotation": [7.5, -27.5, 0],
					"cubes": [
						{"origin": [1, 11, 2], "size": [8, 8, 0], "uv": [0, 42]}
					]
				},
				{
					"name": "jacket",
					"parent": "waist",
					"pivot": [0, 15, 0],
					"cubes": [
						{"origin": [-2.5, 14, -2], "size": [5, 4, 4], "inflate": 0.3, "uv": [0, 56]}
					]
				},
				{
					"name": "leftLeg",
					"parent": "root",
					"pivot": [2, 10, 0],
					"cubes": [
						{"origin": [0.5, 6, -1.5], "size": [3, 4, 3], "uv": [28, 42]}
					]
				},
				{
					"name": "foot_left",
					"parent": "leftLeg",
					"pivot": [2, 6, -1],
					"cubes": [
						{"origin": [0, 0, -2], "size": [4, 6, 4], "uv": [12, 32]}
					]
				},
				{
					"name": "rightLeg",
					"parent": "root",
					"pivot": [-2, 10, 0],
					"cubes": [
						{"origin": [-3.5, 6, -1.5], "size": [3, 4, 3], "uv": [28, 42], "mirror": true}
					]
				},
				{
					"name": "foot_right",
					"parent": "rightLeg",
					"pivot": [-2, 6, -1],
					"cubes": [
						{"origin": [-4, 0, -2], "size": [4, 6, 4], "uv": [12, 32], "mirror": true}
					]
				}
			]
		}
	]
}