{
	"format_version": "1.8.0",
	"animations": {
		"animation.airshoes.run": {
			"loop": true,
			"bones": {
				"waist": {
					"rotation": [20, 0, 0]
				},
				"head": {
					"rotation": [-20, 0, 0]
				},
				"leftArm": {
					"rotation": ["-math.cos(q.anim_time*200)*80-70", "-math.cos(q.anim_time*200)*-45", -45],
					"position": [0, 0, "-math.cos(q.anim_time*200)*4"]
				},
				"rightarm": {
					"rotation": ["math.cos(q.anim_time*200)*80-70", "math.cos(q.anim_time*200)*45", 45],
					"position": [0, 0, "math.cos(q.anim_time*200)*4"]
				}
			}
		}
	}
}